{
    "uvs": [],
    "metadata": {
        "uvs": 0,
        "version": 3,
        "generator": "io_three",
        "normals": 162,
        "faces": 192,
        "vertices": 162,
        "type": "Geometry"
    },
    "normals": [-0.914548,-0.404462,0,-0.710135,0.704031,0,-0.696493,0.704031,-0.138524,-0.896969,-0.404462,-0.178411,-0.559771,0.828639,0,-0.38786,0.92169,0,-0.380413,0.92169,-0.075655,-0.548997,0.828639,-0.109195,-0.200964,0.979583,0,-0.197089,0.979583,-0.039186,-0.517136,0.828639,-0.214209,-0.656056,0.704031,-0.271737,-0.185644,0.979583,-0.076907,-0.358348,0.92169,-0.148412,-0.844935,-0.404462,-0.349956,-0.465407,0.828639,-0.310984,-0.590442,0.704031,-0.394513,-0.167089,0.979583,-0.111637,-0.322489,0.92169,-0.215491,-0.760399,-0.404462,-0.508072,-0.395795,0.828639,-0.395795,-0.502121,0.704031,-0.502121,-0.142094,0.979583,-0.142094,-0.27427,0.92169,-0.27427,-0.646657,-0.404462,-0.646657,-0.310984,0.828639,-0.465407,-0.394513,0.704031,-0.590442,-0.111637,0.979583,-0.167089,-0.215491,0.92169,-0.322489,-0.508072,-0.404462,-0.760399,-0.214209,0.828639,-0.517136,-0.271737,0.704031,-0.656056,-0.076907,0.979583,-0.185644,-0.148412,0.92169,-0.358348,-0.349956,-0.404462,-0.844935,-0.109195,0.828639,-0.548997,-0.138524,0.704031,-0.696493,-0.039186,0.979583,-0.197089,-0.075655,0.92169,-0.380413,-0.178411,-0.404462,-0.896969,0,0.828639,-0.559771,0,0.704031,-0.710135,0,0.979583,-0.200964,0,0.92169,-0.38786,0,-0.404462,-0.914548,0.109195,0.828639,-0.548997,0.138524,0.704031,-0.696493,0.039186,0.979583,-0.197089,0.075655,0.92169,-0.380413,0.178411,-0.404462,-0.896969,0.214209,0.828639,-0.517136,0.271737,0.704031,-0.656056,0.076907,0.979583,-0.185644,0.148412,0.92169,-0.358348,0.349956,-0.404462,-0.844935,0.310984,0.828639,-0.465407,0.394513,0.704031,-0.590442,0.111637,0.979583,-0.167089,0.215491,0.92169,-0.322489,0.508072,-0.404462,-0.760399,0.395795,0.828639,-0.395795,0.502121,0.704031,-0.502121,0.142094,0.979583,-0.142094,0.27427,0.92169,-0.27427,0.646687,-0.404462,-0.646657,0.465407,0.828639,-0.310984,0.590442,0.704031,-0.394513,0.167089,0.979583,-0.111637,0.322489,0.92169,-0.215491,0.760399,-0.404462,-0.508072,0.517136,0.828639,-0.214209,0.656056,0.704031,-0.271737,0.185644,0.979583,-0.076907,0.358348,0.92169,-0.148412,0.844935,-0.404462,-0.349956,0.548997,0.828639,-0.109195,0.696493,0.704031,-0.138524,0.197089,0.979583,-0.039186,0.380413,0.92169,-0.075655,0.896969,-0.404462,-0.178411,0.559771,0.828639,0,0.710135,0.704031,0,0.200964,0.979583,0,0.38786,0.92169,0,0.914548,-0.404462,0,0.548997,0.828639,0.109195,0.696493,0.704031,0.138524,0.197089,0.979583,0.039186,0.380413,0.92169,0.075655,0.896969,-0.404462,0.178411,0.517136,0.828639,0.214209,0.656056,0.704031,0.271737,0.185644,0.979583,0.076876,0.358348,0.92169,0.148412,0.844935,-0.404462,0.349956,0.465407,0.828639,0.310984,0.590442,0.704031,0.394513,0.167089,0.979583,0.111637,0.322489,0.92169,0.215491,0.760399,-0.404462,0.508072,0.395795,0.828639,0.395795,0.502121,0.704031,0.502121,0.142094,0.979583,0.142094,0.27427,0.92169,0.27427,0.646657,-0.404462,0.646687,0.310984,0.828639,0.465407,0.394513,0.704031,0.590442,0.111637,0.979583,0.167089,0.215491,0.92169,0.322489,0.508072,-0.404462,0.760399,0.214209,0.828639,0.517136,0.271737,0.704031,0.656056,0.076907,0.979583,0.185644,0.148412,0.92169,0.358348,0.349956,-0.404462,0.844935,0.109195,0.828639,0.548997,0.138524,0.704031,0.696493,0.039186,0.979583,0.197089,0.075655,0.92169,0.380413,0.178411,-0.404462,0.896969,0,0.828639,0.559771,0,0.704031,0.710135,0,0.979583,0.200964,0,0.92169,0.38786,0,-0.404462,0.914548,-0.109195,0.828639,0.548997,-0.138524,0.704031,0.696493,-0.844935,-0.404462,0.349956,-0.896969,-0.404462,0.178411,0,-1,0,-0.039186,0.979583,0.197089,-0.075655,0.92169,0.380413,-0.178411,-0.404462,0.896969,-0.214209,0.828639,0.517136,-0.271737,0.704031,0.656056,-0.076907,0.979583,0.185644,-0.148412,0.92169,0.358348,-0.349956,-0.404462,0.844935,-0.310984,0.828639,0.465407,-0.394513,0.704031,0.590442,-0.111637,0.979583,0.167089,-0.215491,0.92169,0.322489,-0.508072,-0.404462,0.760399,-0.646687,-0.404462,0.646657,-0.760399,-0.404462,0.508072,-0.395795,0.828639,0.395795,-0.502121,0.704031,0.502121,-0.142094,0.979583,0.142094,-0.27427,0.92169,0.27427,-0.465407,0.828639,0.310984,-0.590442,0.704031,0.394513,-0.167089,0.979583,0.111637,-0.322489,0.92169,0.215491,-0.517136,0.828639,0.214209,-0.656056,0.704031,0.271737,-0.185644,0.979583,0.076876,-0.358348,0.92169,0.148412,-0.548997,0.828639,0.109195,-0.696493,0.704031,0.138524,-0.197089,0.979583,0.039186,-0.380413,0.92169,0.075655,0,1,0],