{
    "uvs": [],
    "metadata": {
        "uvs": 0,
        "version": 3,
        "generator": "io_three",
        "normals": 226,
        "faces": 256,
        "vertices": 226,
        "type": "Geometry"
    },
    "normals": [-0.924741,0.380535,0,-0.833338,0.552751,0,-0.817316,0.552751,-0.162572,-0.90698,0.380535,-0.180395,-0.710135,0.704031,0,-0.559771,0.828639,0,-0.548997,0.828639,-0.109195,-0.696493,0.704031,-0.138524,-0.38786,0.92169,0,-0.200964,0.979583,0,-0.197089,0.979583,-0.039186,-0.380413,0.92169,-0.075655,-0.821162,-0.570666,0,-0.805383,-0.570666,-0.160192,-0.854366,0.380535,-0.353862,-0.75866,-0.570666,-0.314249,-0.656056,0.704031,-0.271737,-0.76989,0.552751,-0.318888,-0.358348,0.92169,-0.148412,-0.517136,0.828639,-0.214209,-0.185644,0.979583,-0.076876,-0.768914,0.380535,-0.513749,-0.68276,-0.570666,-0.456191,-0.590442,0.704031,-0.394513,-0.692892,0.552751,-0.462966,-0.322489,0.92169,-0.215491,-0.465407,0.828639,-0.310984,-0.167089,0.979583,-0.111637,-0.65389,0.380535,-0.65389,-0.580645,-0.570666,-0.580645,-0.502121,0.704031,-0.502121,-0.589251,0.552751,-0.589251,-0.27427,0.92169,-0.27427,-0.395795,0.828639,-0.395795,-0.142094,0.979583,-0.142094,-0.513749,0.380535,-0.768914,-0.456191,-0.570666,-0.68276,-0.394513,0.704031,-0.590442,-0.462966,0.552751,-0.692892,-0.215491,0.92169,-0.322489,-0.310984,0.828639,-0.465407,-0.111637,0.979583,-0.167089,-0.353862,0.380535,-0.854366,-0.314249,-0.570666,-0.75866,-0.271737,0.704031,-0.656056,-0.318888,0.552751,-0.76989,-0.148412,0.92169,-0.358348,-0.214209,0.828639,-0.517136,-0.076907,0.979583,-0.185644,-0.180395,0.380535,-0.90698,-0.160192,-0.570666,-0.805383,-0.138524,0.704031,-0.696493,-0.162572,0.552751,-0.817316,-0.075655,0.92169,-0.380413,-0.109195,0.828639,-0.548997,-0.039186,0.979583,-0.197089,0,0.380535,-0.924741,0,-0.570666,-0.821162,0,0.704031,-0.710135,0,0.552751,-0.833338,0,0.92169,-0.38786,0,0.828639,-0.559771,0,0.979583,-0.200964,0.180395,0.380535,-0.90698,0.160192,-0.570666,-0.805383,0.138524,0.704031,-0.696493,0.162572,0.552751,-0.817316,0.075655,0.92169,-0.380413,0.109195,0.828639,-0.548997,0.039186,0.979583,-0.197089,0.353862,0.380535,-0.854366,0.314249,-0.570666,-0.75866,0.271737,0.704031,-0.656056,0.318888,0.552751,-0.76989,0.148412,0.92169,-0.358348,0.214209,0.828639,-0.517136,0.076907,0.979583,-0.185644,0.513749,0.380535,-0.768914,0.456191,-0.570666,-0.68276,0.394513,0.704031,-0.590442,0.462966,0.552751,-0.692892,0.215491,0.92169,-0.322489,0.310984,0.828639,-0.465407,0.111637,0.979583,-0.167089,0.65389,0.380535,-0.65389,0.580645,-0.570666,-0.580645,0.502121,0.704031,-0.502121,0.589251,0.552751,-0.589251,0.27427,0.92169,-0.27427,0.395795,0.828639,-0.395795,0.142094,0.979583,-0.142094,0.768914,0.380535,-0.513749,0.68276,-0.570666,-0.456191,0.590442,0.704031,-0.394513,0.692892,0.552751,-0.462966,0.322489,0.92169,-0.215491,0.465407,0.828639,-0.310984,0.167089,0.979583,-0.111637,0.854366,0.380535,-0.353862,0.75866,-0.570666,-0.314249,0.656056,0.704031,-0.271737,0.76989,0.552751,-0.318888,0.358348,0.92169,-0.148412,0.517136,0.828639,-0.214209,0.185644,0.979583,-0.076907,0.90698,0.380535,-0.180395,0.805383,-0.570666,-0.160192,0.696493,0.704031,-0.138524,0.817316,0.552751,-0.162572,0.380413,0.92169,-0.075655,0.548997,0.828639,-0.109195,0.197089,0.979583,-0.039186,0.924741,0.380535,0,0.821162,-0.570666,0,0.710135,0.704031,0,0.833338,0.552751,0,0.38786,0.92169,0,0.559771,0.828639,0,0.200964,0.979583,0,0.90698,0.380535,0.180395,0.805383,-0.570666,0.160192,0.696493,0.704031,0.138524,0.817316,0.552751,0.162572,0.380413,0.92169,0.075655,0.548997,0.828639,0.109195,0.197089,0.979583,0.039186,0.854366,0.380535,0.353893,0.75866,-0.570666,0.314249,0.656056,0.704031,0.271737,0.76989,0.552751,0.318888,0.358348,0.92169,0.148412,0.517136,0.828639,0.214209,0.185644,0.979583,0.076907,0.768914,0.380535,0.513749,0.68276,-0.570666,0.456191,0.590442,0.704031,0.394513,0.692892,0.552751,0.462966,0.322489,0.92169,0.215491,0.465407,0.828639,0.310984,0.167089,0.979583,0.111637,0.65389,0.380535,0.65389,0.580645,-0.570666,0.580645,0.502121,0.704031,0.502121,0.589251,0.552751,0.589251,0.27427,0.92169,0.27427,0.395795,0.828639,0.395795,0.142094,0.979583,0.142094,0.513749,0.380535,0.768914,0.456191,-0.570666,0.68276,0.394513,0.704031,0.590442,0.462966,0.552751,0.692892,0.215491,0.92169,0.322489,0.310984,0.828639,0.465407,0.111637,0.979583,0.167089,0.353862,0.380535,0.854366,0.314249,-0.570666,0.75866,0.271737,0.704031,0.656056,0.318888,0.552751,0.76989,0.148412,0.92169,0.358348,0.214209,0.828639,0.517136,0.076907,0.979583,0.185644,0.180395,0.380535,0.90698,0.160192,-0.570666,0.805383,0.138524,0.704031,0.696493,0.162572,0.552751,0.817316,0.075655,0.92169,0.380413,0.109195,0.828639,0.548997,0.039186,0.979583,0.197089,0,0.380535,0.924741,0,-0.570666,0.821162,0,0.704031,0.710135,0,0.552751,0.833338,0,0.92169,0.38786,0,0.828639,0.559771,0,0.979583,0.200964,-0.180395,0.380535,0.90698,-0.160192,-0.570666,0.805383,-0.138524,0.704031,0.696493,-0.162572,0.552751,0.817316,-0.075655,0.92169,0.380413,-0.109195,0.828639,0.548997,-0.039186,0.979583,0.197089,-0.353893,0.380535,0.854366,-0.314249,-0.570666,0.75866,-0.271737,0.704031,0.656056,-0.318888,0.552751,0.76989,-0.148412,0.92169,0.358348,-0.214209,0.828639,0.517136,-0.076907,0.979583,0.185644,-0.513749,0.380535,0.768914,-0.456191,-0.570666,0.68276,-0.394513,0.704031,0.590442,-0.462966,0.552751,0.692892,-0.215491,0.92169,0.322489,-0.310984,0.828639,0.465407,-0.111637,0.979583,0.167089,-0.65389,0.380535,0.65389,-0.580645,-0.570666,0.580645,-0.502121,0.704031,0.502121,-0.589251,0.552751,0.589251,-0.27427,0.92169,0.27427,-0.395795,0.828639,0.395795,-0.142094,0.979583,0.142094,-0.768914,0.380535,0.513749,-0.68276,-0.570666,0.456191,-0.590442,0.704031,0.394513,-0.692892,0.552751,0.462966,-0.322489,0.92169,0.215491,-0.465407,0.828639,0.310984,-0.167089,0.979583,0.111637,-0.854366,0.380535,0.353862,-0.75866,-0.570666,0.314249,-0.656056,0.704031,0.271737,-0.76989,0.552751,0.318888,-0.358348,0.92169,0.148412,-0.517136,0.828639,0.214209,-0.185644,0.979583,0.076907,-0.90698,0.380535,0.180395,-0.805383,-0.570666,0.160192,-0.696493,0.704031,0.138524,-0.817316,0.552751,0.162572,-0.380413,0.92169,0.075655,-0.548997,0.828639,0.109195,-0.197089,0.979583,0.039186,0,1,0,0,-1,0],