{
    "uvs": [],
    "metadata": {
        "uvs": 0,
        "version": 3,
        "generator": "io_three",
        "normals": 152,
        "faces": 150,
        "vertices": 152,
        "type": "Geometry"
    },
    "normals": [-0.098239,-0.976592,0.191168,-0.098239,-0.976592,-0.191168,0.098239,-0.976592,-0.191168,0.098239,-0.976592,0.191168,0.965117,0.179022,-0.190863,0.965117,0.179022,0.190863,0.981536,-0.01822,0.190374,0.981536,-0.01822,-0.190374,0.098239,0.976592,0.191168,0.098239,0.976592,-0.191168,-0.098239,0.976592,-0.191168,-0.098239,0.976592,0.191168,-0.048647,0.054903,-0.997284,0.048647,0.054933,-0.997284,0.053835,-0.046693,-0.997436,-0.053835,-0.046693,-0.997436,0.048647,0.054933,0.997284,-0.048647,0.054903,0.997284,-0.053835,-0.046693,0.997436,0.053835,-0.046693,0.997436,-0.084689,-0.793664,0.602374,-0.32548,-0.742668,0.585223,-0.369579,-0.910215,0.186743,-0.06003,-0.466475,0.882473,-0.228187,-0.454878,0.860805,-0.588549,-0.588549,0.554186,-0.696127,-0.696127,0.175329,-0.411023,-0.411023,0.813685,-0.215552,-0.0347,0.97586,-0.213538,-0.213538,0.953276,-0.052919,-0.209815,0.976287,-0.473678,-0.020753,0.880428,-0.454878,-0.228187,0.860805,-0.981536,-0.018281,0.190374,-0.910215,-0.369579,0.186743,-0.742668,-0.32548,0.585223,-0.801477,-0.019288,0.597705,-0.981536,-0.018281,-0.190374,-0.801477,-0.019288,-0.597705,-0.742668,-0.32548,-0.585223,-0.910215,-0.369579,-0.186743,-0.473678,-0.020753,-0.880428,-0.454878,-0.228187,-0.860805,-0.588549,-0.588549,-0.554186,-0.696127,-0.696127,-0.175329,-0.411023,-0.411023,-0.813685,-0.052919,-0.209815,-0.976287,-0.213538,-0.213538,-0.953276,-0.215552,-0.0347,-0.97586,-0.06003,-0.466475,-0.882473,-0.228187,-0.454878,-0.860805,-0.369579,-0.910215,-0.186743,-0.32548,-0.742668,-0.585223,-0.084689,-0.793664,-0.602374,0.215552,-0.034669,-0.97586,0.213538,-0.213538,-0.953276,0.052919,-0.209815,-0.976287,0.473708,-0.020722,-0.880428,0.454878,-0.228187,-0.860805,0.228187,-0.454878,-0.860805,0.06003,-0.466475,-0.882473,0.411023,-0.411023,-0.813685,0.910215,-0.369579,-0.186743,0.742668,-0.32548,-0.585223,0.801477,-0.019227,-0.597674,0.696127,-0.696127,-0.175329,0.588549,-0.588549,-0.554186,0.084689,-0.793664,-0.602374,0.32548,-0.742668,-0.585223,0.369579,-0.910215,-0.186743,0.801477,-0.019227,0.597674,0.742668,-0.32548,0.585223,0.910215,-0.369579,0.186743,0.473708,-0.020722,0.880428,0.454878,-0.228187,0.860805,0.588549,-0.588549,0.554186,0.696127,-0.696127,0.175329,0.411023,-0.411023,0.813685,0.052919,-0.209815,0.976287,0.213538,-0.213538,0.953276,0.215552,-0.034669,0.97586,0.06003,-0.466475,0.882473,0.228187,-0.454878,0.860805,0.369579,-0.910215,0.186743,0.32548,-0.742668,0.585223,0.084689,-0.793664,0.602374,-0.965148,0.178991,0.190863,-0.782067,0.14948,0.604968,-0.742668,0.32548,0.585223,-0.910215,0.369579,0.186743,-0.458419,0.097354,0.883358,-0.454878,0.228187,0.860805,-0.588549,0.588549,0.554186,-0.696127,0.696127,0.175329,-0.411023,0.411023,0.813685,-0.052919,0.209815,0.976287,-0.213538,0.213538,0.953276,-0.203986,0.069338,0.976501,-0.06003,0.466475,0.882473,-0.228187,0.454878,0.860805,-0.369579,0.910215,0.186743,-0.32548,0.742668,0.585223,-0.084689,0.793664,0.602374,-0.965148,0.178991,-0.190863,-0.910215,0.369579,-0.186743,-0.742668,0.32548,-0.585223,-0.782067,0.14948,-0.604968,-0.696127,0.696127,-0.175329,-0.588549,0.588549,-0.554186,-0.454878,0.228187,-0.860805,-0.458419,0.097354,-0.883358,-0.411023,0.411023,-0.813685,-0.084689,0.793664,-0.602374,-0.32548,0.742668,-0.585223,-0.369579,0.910215,-0.186743,-0.06003,0.466475,-0.882473,-0.228187,0.454878,-0.860805,-0.203986,0.069338,-0.976501,-0.213538,0.213538,-0.953276,-0.052919,0.209815,-0.976287,0.052919,0.209815,-0.976287,0.213538,0.213538,-0.953276,0.203986,0.069338,-0.976501,0.06003,0.466475,-0.882473,0.228187,0.454878,-0.860805,0.454878,0.228187,-0.860805,0.458419,0.097385,-0.883358,0.411023,0.411023,-0.813685,0.369579,0.910215,-0.186743,0.32548,0.742668,-0.585223,0.084689,0.793664,-0.602374,0.696127,0.696127,-0.175329,0.588549,0.588549,-0.554186,0.782067,0.14951,-0.604968,0.742668,0.32548,-0.585223,0.910215,0.369579,-0.186743,0.910215,0.369579,0.186743,0.742668,0.32548,0.585223,0.782067,0.14951,0.604968,0.696127,0.696127,0.175329,0.588549,0.588549,0.554186,0.454878,0.228187,0.860805,0.458419,0.097385,0.883358,0.411023,0.411023,0.813685,0.084689,0.793664,0.602374,0.32548,0.742668,0.585223,0.369579,0.910215,0.186743,0.06003,0.466475,0.882473,0.228187,0.454878,0.860805,0.203986,0.069338,0.976501,0.213538,0.213538,0.953276,0.052919,0.209815,0.976287],